Compound_CID,Name,Synonyms,Molecular_Formula,InChI,SMILES,InChIKey,IUPAC_Name,MeSH_Headings,Annotation_Content,Linked_BioAssays,Data_Source,Data_Source_Category,Tagged_by_PubChem,Molecular_Weight,Polar_Area,Complexity,XLogP,Heavy_Atom_Count,H-Bond_Donor_Count,H-Bond_Acceptor_Count,Rotatable_Bond_Count,Exact_Mass,Monoisotopic_Mass,Charge,Covalent_Unit_Count,Isotopic_Atom_Count,Total_Atom_Stereo_Count,Defined_Atom_Stereo_Count,Undefined_Atom_Stereo_Count,Total_Bond_Stereo_Count,Defined_Bond_Stereo_Count,Undefined_Bond_Stereo_Count,Linked_PubChem_Literature_Count,Linked_PubChem_Patent_Count,Linked_PubChem_Patent_Family_Count,Annotation_Type_Count,Create_Date
73264,Reactive Red 120,"Reactive Red 120|61951-82-4|C.I. Reactive Red 120|X4P4DC9WH5|CHEBI:63886|DTXSID701335746|RefChem:178698|DTXCID501064450|Reactive red 120 dye|5-((4-Chloro-6-((4-((4-chloro-6-((8-hydroxy-3,6-disulfo-7-((E)-(2-sulfophenyl)diazenyl)naphthalen-1-yl)amino)-1,3,5-triazin-2-yl)amino)phenyl)amino)-1,3,5-triazin-2-yl)amino)-4-hydroxy-3-((E)-(2-sulfophenyl)diazenyl)naphthalene-2,7-disulfonic acid|PROCION RED H-E3B|Triazine dye red A|Red A gel (Amicon)|orb2565377|CHEMBL3596198|SCHEMBL13474896|SCHEMBL31474592|HY-D1138|EINECS 263-351-0|FC34021|CS-0136827|G86166|T87307|Q27132894|2,7-Naphthalenedisulfonic acid, 4,4'-[1,4-phenylenebis[imino(6-chloro-1,3,5-triazine-4,2-diyl)imino]]bis[5-hydroxy-6-[(2-sulfophenyl)azo]-|2,7-Naphthalenedisulfonic acid, 4,4'-[1,4-phenylenebis[imino(6-chloro-1,3,5-triazine-4,2-diyl)imino]]bis[5-hydroxy-6-[2-(2-sulfophenyl)diazenyl]-|4,4'-(1,4-Phenylenebis(imino(6-chloro-1,3,5-triazine-4,2-diyl)imino))bis(5-hydroxy-6-((2-sulphophenyl)azo)naphthalene-2,7-disulphonic acid)|4,4'-[1,4-Phenylenebis[imino(6-chloro-1,3,5-triazine-4,2-diyl)imino]]bis[5-hydroxy-6-[2-(2-sulfophenyl)diazenyl]-2,7-naphthalenedisulfonic acid]|4,4'-{1,4-Phenylenebis[azanediyl(6-chloro-1,3,5-triazine-4,2-diyl)azanediyl]}bis{5-hydroxy-6-[(2-sulfophenyl)diazenyl]naphthalene-2,7-disulfonic acid}|4,4'-{1,4-phenylenebis[imino(6-chloro-1,3,5-triazine-4,2-diyl)imino]}bis{5-hydroxy-6-[(2-sulfophenyl)diazenyl]naphthalene-2,7-disulfonic acid}|5-[[4-chloro-6-[4-[[4-chloro-6-[[8-hydroxy-3,6-disulfo-7-[(E)-(2-sulfophenyl)azo]-1-naphthyl]amino]-1,3,5-triazin-2-yl]amino]anilino]-1,3,5-triazin-2-yl]amino]-4-hydroxy-3-[(E)-(2-sulfophenyl)azo]naphthalene-2,7-disulfonic acid",C44H30Cl2N14O20S6,"InChI=1S/C44H30Cl2N14O20S6/c45-39-51-41(55-43(53-39)49-27-17-23(81(63,64)65)13-19-15-31(85(75,76)77)35(37(61)33(19)27)59-57-25-5-1-3-7-29(25)83(69,70)71)47-21-9-11-22(12-10-21)48-42-52-40(46)54-44(56-42)50-28-18-24(82(66,67)68)14-20-16-32(86(78,79)80)36(38(62)34(20)28)60-58-26-6-2-4-8-30(26)84(72,73)74/h1-18,61-62H,(H,63,64,65)(H,66,67,68)(H,69,70,71)(H,72,73,74)(H,75,76,77)(H,78,79,80)(H2,47,49,51,53,55)(H2,48,50,52,54,56)",C1=CC=C(C(=C1)N=NC2=C(C3=C(C=C(C=C3C=C2S(=O)(=O)O)S(=O)(=O)O)NC4=NC(=NC(=N4)NC5=CC=C(C=C5)NC6=NC(=NC(=N6)Cl)NC7=C8C(=CC(=C7)S(=O)(=O)O)C=C(C(=C8O)N=NC9=CC=CC=C9S(=O)(=O)O)S(=O)(=O)O)Cl)O)S(=O)(=O)O,OVSNDJXCFPSPDZ-UHFFFAOYSA-N,"5-[[4-chloro-6-[4-[[4-chloro-6-[[8-hydroxy-3,6-disulfo-7-[(2-sulfophenyl)diazenyl]naphthalen-1-yl]amino]-1,3,5-triazin-2-yl]amino]anilino]-1,3,5-triazin-2-yl]amino]-4-hydroxy-3-[(2-sulfophenyl)diazenyl]naphthalene-2,7-disulfonic acid",reactive red 120 dye,Biological Test Results|Chemical and Physical Properties|Classification|Literature|Patents|Safety and Hazards|Toxicity|Associated Disorders and Diseases|Biological Test Results: Active,1236219|1963987,"001Chemical|A2B Chem|AA BLOCKS|AbaChemScene|AiFChem, an XtalPi Company|Alfa Chemistry|Ambinter|Angene Chemical|AstaTech, Inc.|Aurora Fine Chemicals LLC|Biorbyt|Biosynth|BLD Pharm|BOC Sciences|ChEBI|Chem-Impex|Chembase.cn|ChEMBL|ChemDB|ChemIDplus|Chemieliva Pharmaceutical Co., Ltd|ChemMol|ChemSpider|ChemTik|Combi-Blocks|Cooke Chemical Co., Ltd|CymitQuimica|Egon Willighagen, Department of Bioinformatics - BiGCaT, Maastricht University|eNovation Chemicals|EPA DSSTox|EPA Substance Registry Services|FDA Global Substance Registration System (GSRS)|Google Patents|Human Metabolome Database (HMDB)|IBM|J&H Chemical Co.,ltd|Japan Chemical Substance Dictionary (Nikkaji)|LGC Standards|MedChemexpress MCE|MolCore|MolGenie|Molport|NIAID ChemDB|NORMAN Suspect List Exchange|OChem|PATENTSCOPE (WIPO)|PubChem Reference Collection|RR Scientific|SCRIPDB|Sigma-Aldrich|Starshine Chemical|SureChEMBL|TargetMol|Thomson Pharma|Wikidata|Yick-Vic Chemicals & Pharmaceuticals (HK) Ltd.",Chemical Vendors|Curation Efforts|Governmental Organizations|Journal Publishers|Legacy Depositors|Research and Development|Subscription Services,,1338.1,592.0,2910,6.4,86,12,34,18,1335.946167,1335.946167,0,1,0,0,0,0,0,0,0,1,3753,852,9,20050801
156595263,Reactive Yellow 2,RefChem:878991|reactive yellow 2 textile dye|50662-99-2|Reactive Yellow 2,C25H18Cl3N9NaO10S3,"InChI=1S/C25H18Cl3N9O10S3.Na/c1-11-21(22(38)37(36-11)18-9-16(27)20(10-15(18)26)50(45,46)47)35-34-17-8-13(4-7-19(17)49(42,43)44)30-25-32-23(28)31-24(33-25)29-12-2-5-14(6-3-12)48(39,40)41;/h2-10,21H,1H3,(H,39,40,41)(H,42,43,44)(H,45,46,47)(H2,29,30,31,32,33);",CC1=NN(C(=O)C1N=NC2=C(C=CC(=C2)NC3=NC(=NC(=N3)NC4=CC=C(C=C4)S(=O)(=O)O)Cl)S(=O)(=O)O)C5=CC(=C(C=C5Cl)S(=O)(=O)O)Cl.[Na],HTQRDEZLVAPTGL-UHFFFAOYSA-N,,reactive yellow 2,Classification|Literature|Safety and Hazards|Use and Manufacturing,,A2B Chem|AA BLOCKS|Angene Chemical|Chem-Impex|CymitQuimica|Molport|PubChem Reference Collection,Chemical Vendors|Governmental Organizations,,830.0,308.0,1640,,51,5,18,10,827.930176,827.930176,0,2,0,1,0,1,0,0,0,9,0,0,4,20210909
156592287,Reactive Orange 16,OR 16 dye|RefChem:878964|Reactive Orange 16,C20H19N3NaO11S3,"InChI=1S/C20H19N3O11S3.Na/c1-12(24)21-15-3-2-13-10-18(36(28,29)30)19(20(25)17(13)11-15)23-22-14-4-6-16(7-5-14)35(26,27)9-8-34-37(31,32)33;/h2-7,10-11,25H,8-9H2,1H3,(H,21,24)(H,28,29,30)(H,31,32,33);",CC(=O)NC1=CC2=C(C(=C(C=C2C=C1)S(=O)(=O)O)N=NC3=CC=C(C=C3)S(=O)(=O)CCOS(=O)(=O)O)O.[Na],MYNWOBSXSQNNEN-UHFFFAOYSA-N,,reactive orange 16,Classification|Literature,,"Alfa Chemistry|J&H Chemical Co.,ltd|PubChem Reference Collection",Chemical Vendors|Governmental Organizations,,596.6,251.0,1150,,38,4,13,9,596.007935,596.007935,0,2,0,0,0,0,0,0,0,59,0,0,2,20210908
25863,Reactive Blue 4,"Reactive Blue 4|Procion blue MX-R|13324-20-4|C.I. Reactive Blue 4|Ostazin Brilliant Blue S-R|NSC-364368|M3J92M47JZ|DTXSID2065412|2-Anthracenesulfonic acid, 1-amino-4-((3-((4,6-dichloro-1,3,5-triazin-2-yl)amino)-4-sulfophenyl)amino)-9,10-dihydro-9,10-dioxo-|2-Anthracenesulfonic acid, 1-amino-4-[[3-[(4,6-dichloro-1,3,5-triazin-2-yl)amino]-4-sulfophenyl]amino]-9,10-dihydro-9,10-dioxo-|RefChem:868544|DTXCID0034140|236-363-9|MFCD00001218|NSC364368|1-amino-4-[3-[(4,6-dichloro-1,3,5-triazin-2-yl)amino]-4-sulfoanilino]-9,10-dioxoanthracene-2-sulfonic acid|1-amino-4-((3-((4,6-dichloro-1,3,5-triazin-2-yl)amino)-4-sulfophenyl)amino)-9,10-dioxo-9,10-dihydroanthracene-2-sulfonic acid|1-amino-4-[3-[(4,6-dichloro-1,3,5-triazin-2-yl)amino]-4-sulfo-anilino]-9,10-dioxo-anthracene-2-sulfonic acid|Procion Brilliant Blue MR|Mikacion Brilliant Blue RS|Helaktyn Pure Blue FR|Procion Brilliant Blue RS|Modr Reaktivni 4 [Czech]|Modr Reaktivni 4|1-Amino-4-({3-[(4,6-dichloro-1,3,5-triazin-2-yl)amino]-4-sulfophenyl}amino)-9,10-dioxo-9,10-dihydroanthracene-2-sulfonic acid|Procion Brilliant Blue MX-R|C23H14Cl2N6O8S2|ci 61205|EINECS 236-363-9|NSC 364368|blue|BRN 0602258|Procion|C.I. 61205|Helaktyn Blue FR|Reactive Blue MR|REACTIVE BRILLIANT BLUE X-BR|Sigma Reactive Blue 4|Brilliant blue X-BR 140|SCHEMBL430581|orb1307166|CHEMBL1741102|SCHEMBL29517169|RTLULCVBFCRQKI-UHFFFAOYSA-N|Reactive Blue 4 Dye Content 35%|Reactive Blue 4, Dye content 35 %|AKOS030228255|FR52632|Reactive Blue 4, dye content ca 40%|1-Amino-4-[3-(4,6-dichlorotriazin-2-ylamino)-4-sulfophenylamino]anthraquinone-2-sulfonic acid|1-Amino-4-[[3-[(4,6-dichloro-1,3,5-triazin-2-yl)amino]-4-sulfophenyl]amino]-9,10-dihydro-9,10-dioxo-2-anthracenesulfonic acid|2-Anthracenesulfonic acid, 1-amino-4-(3-((4,6-dichloro-s-triazin-2-yl)amino)-4-sulfoanilino)-9,10-dihydro-9,10-dioxo-|DA-66880|MS-30894|PD054618|Reactive Blue 4-Agarose, prepacked column|HY-125815|Reactive Blue 4-Agarose, saline suspension|CS-0100024|NS00084878|G83982|T19051|F866224|Reactive Blue 4-Agarose, lyophilized powder (stabilized with lactose)|1-Amino-4-(2'-(4',6'-dichloro-s-triazin-2-yl)amino)phenylamino)9,10-dihydro-9,10-dioxoanthracene-2,4'-disulphonic acid|1-Amino-4-{3-[(4,6-dichloro-1,3,5-triazin-2-yl)amino]-4-sulfoanilino}-9,10-dioxo-9,10-dihydroanthracene-2-sulfonic acid|2-Anthraquinonesulfonic acid, 1-amino-4-[3-[(4,6-dichloro-s-triazin-2-yl)amino]-4-sulfoanilino]-",C23H14Cl2N6O8S2,"InChI=1S/C23H14Cl2N6O8S2/c24-21-29-22(25)31-23(30-21)28-12-7-9(5-6-14(12)40(34,35)36)27-13-8-15(41(37,38)39)18(26)17-16(13)19(32)10-3-1-2-4-11(10)20(17)33/h1-8,27H,26H2,(H,34,35,36)(H,37,38,39)(H,28,29,30,31)",C1=CC=C2C(=C1)C(=O)C3=C(C2=O)C(=C(C=C3NC4=CC(=C(C=C4)S(=O)(=O)O)NC5=NC(=NC(=N5)Cl)Cl)S(=O)(=O)O)N,RTLULCVBFCRQKI-UHFFFAOYSA-N,"1-amino-4-[3-[(4,6-dichloro-1,3,5-triazin-2-yl)amino]-4-sulfoanilino]-9,10-dioxoanthracene-2-sulfonic acid",procion blue MX-R,Biological Test Results|Chemical and Physical Properties|Classification|Literature|Patents|Safety and Hazards|Toxicity|Use and Manufacturing|Spectral Information,155|157|161|165|167|175|179|330|1794731|1794732|1794733|1794735|1794736|1794738|1794739|1794740|1794742|1794745|1794746|1794748|1794750|1794751|1794752|1794753|1794754|1794755|1794756|1794757|1794758|1794759|1794760|1794761|1794763|1794764|1794765|1794766|1794767|1794768|1794769|1794771|1794772|1794773|1794774|1794775|1794776|1794777|1794778|1794779|1794781|1794782|1794783|1794784|1794785|1794786|1794787|1794788|1794789|1794790|1794792|1794793|1794794|1794795|1794796|1794798|1794799|1794800|1963987|2061326|2061329|2202374,"001Chemical|10X CHEM|3WAY PHARM INC|A2B Chem|AA BLOCKS|Aaron Chemicals LLC|AbaChemScene|abcr GmbH|ABI Chem|Accel Scientific|AK Scientific, Inc. (AKSCI)|AKos Consulting & Solutions|Aladdin Scientific|Alfa Chemistry|Amadis Chemical|Ambeed|AN PharmaTech|Angene Chemical|AppChem|AstaTech, Inc.|Aurora Fine Chemicals LLC|BenchChem|BindingDB|Biorbyt|Biosynth|BLD Pharm|BOC Sciences|Chem-Impex|Chem-Space.com Database|Chembase.cn|ChEMBL|ChemDB|ChemIDplus|Chemieliva Pharmaceutical Co., Ltd|ChemMol|ChemoSapiens|ChemShuttle|ChemSpider|ChemTik|Cooke Chemical Co., Ltd|CymitQuimica|Debye Scientific Co., Ltd|DiscoveryGate|DTP/NCI|Egon Willighagen, Department of Bioinformatics - BiGCaT, Maastricht University|eMolecules|eNovation Chemicals|EPA DSSTox|EPA Substance Registry Services|EvitaChem|FDA Global Substance Registration System (GSRS)|Finetech Industry Limited|Fluorochem|Glixx Labs Inc|Google Patents|Hairui Chemical|Human Metabolome Database (HMDB)|IBM|iChemical Technology USA Inc|InvivoChem|ISpharm|J&H Chemical Co.,ltd|Japan Chemical Substance Dictionary (Nikkaji)|Key Organics/BIONET|King Scientific|LabNetwork, a WuXi AppTec Company|LeadScope|Mcule|MedChemexpress MCE|MolCore|Molecule Market|MolGenie|Molport|MP Biomedicals|MuseChem|NextBio|NIAID ChemDB|NORMAN Suspect List Exchange|Oakwood Products|PATENTSCOPE (WIPO)|Probes & Drugs portal|PubChem Reference Collection|RR Scientific|Santa Cruz Biotechnology, Inc.|SCRIPDB|Shanghai Titan Scientific|Sigma-Aldrich|Smolecule|Specs|Springer Nature|Starshine Chemical|SureChEMBL|TargetMol|THE BioTek|Thermo Fisher Scientific|Thomson Pharma|ToxPlanet|VWR, Part of Avantor|Wikidata|Yick-Vic Chemicals & Pharmaceuticals (HK) Ltd.|Yuhao Chemical|ZeroPM - Zero Pollution of Persistent, Mobile Substances|ZINC",Chemical Vendors|Curation Efforts|Governmental Organizations|Journal Publishers|Legacy Depositors|Research and Development|Subscription Services,,637.4,248.0,1220,4.7,41,5,14,6,635.969177,635.969177,0,1,0,0,0,0,0,0,0,307,5030,1850,9,20050326
135442967,C.I. Reactive Black 5,"C.I. REACTIVE BLACK 5|DTXSID4027787|RefChem:1080570|DTXCID101506765|Reactive Black 5|17095-24-8|Remazol black B|Diamira Black B|Sumifix Black B|Cavalite Black B|Remazol Black GF|Adizol Black B|remazole black-GR|12225-25-1|Celmazol Black B|CI REACTIVE BLACK 5|CHEBI:53731|O0HDY58362|MFCD00013464|2,7-Naphthalenedisulfonicacid,4-amino-5-hydroxy-3,6-bis[2-[4-[[2-(sulfooxy)ethyl]sulfonyl]phenyl]diazenyl]-,sodium salt (1:4)|C.I. 20505|Primazin Black BN|2,7-Naphthalenedisulfonic acid, 4-amino-5-hydroxy-3,6-bis((4-((2-(sulfooxy)ethyl)sulfonyl)phenyl)azo)-, tetrasodium salt|4-Amino-5-hydroxy-3,6-bis((4-((2-(sulfooxy)ethyl)sulfonyl)phenyl)azo)-2,7-naphthalenedisulfonic acid tetrasodium salt|4-Amino-5-hydroxy-3,6-bis[[4-[[2-(sulfooxy)ethyl]sulfonyl]phenyl]azo]-2,7-naphthalenedisulfonic acid tetrasodium salt|tetrasodium;4-amino-5-hydroxy-3,6-bis[[4-(2-sulfonatooxyethylsulfonyl)phenyl]diazenyl]naphthalene-2,7-disulfonate|Levafix Black E-B|Intracron Black VS-B|Drimarene Black R/K 3B|2,7-Naphthalenedisulfonic acid, 4-amino-5-hydroxy-3,6-bis(2-(4-((2-(sulfooxy)ethyl)sulfonyl)phenyl)diazenyl)-, sodium salt (1:4)|C.I.Reactive Black 5 (Technical Grade)|TETRASODIUM 4-AMINO-5-HYDROXY-3,6-BIS(2-{4-[2-(SULFONATOOXY)ETHANESULFONYL]PHENYL}DIAZEN-1-YL)NAPHTHALENE-2,7-DISULFONATE|EINECS 241-164-5|UNII-O0HDY58362|CCRIS 9492|C.I.Reactive Black 5|Epitope ID:116216|EC 241-164-5|Tetrasodium 4-amino-5-hydroxy-3,6-bis((4-((2-(sulphonatooxy)ethyl)sulphonyl)phenyl)azo)naphthalene-2,7-disulphonate|SCHEMBL109532|SCHEMBL1250851|SCHEMBL2304009|CHEMBL1326377|SCHEMBL29376217|SCHEMBL29833902|MSK5869|FWKNDLPEBIXZRV-FXJKTVKKSA-J|Reactive Black 5 Dye content =50 %|NCGC00164411-01|2,7-Naphthalenedisulfonic acid, 3,6-(bis(4-((2-hydroxyethyl)sulfonyl)phenyl)bis(azo))-5-amino-4-hydroxy-, di(hydrogen sulfate) ester, tetrasodium salt|2,7-Naphthalenedisulfonic acid, 4-amino-5-hydroxy-3,6-bis((p-((2-hydroxyethyl)sulfonyl)phenyl)azo)-, 3,6-bis(hydrogen sulfate) (ester), tetrasodium salt|CI 20505|FR167549|Reactive Black 5, Dye content >=50 %|NS00054088|Q27124180|4-AMINO-5-HYDROXY-3,6-BIS((4-((2- (SULFOOXY)ETHYL)SULFONYL)PHENYL)AZO)-2,7- NAPHTHALENEDISULFONIC ACID TETRASODIUM SALT|Sodium (((1-amino-8-hydroxy-3,6-disulfonatonaphthalene-2,7-diyl)bis(diazene-2,1-diyl))bis(4,1-phenylenesulfonyl))bis(ethane-2,1-diyl) bis(sulfate)|TETRASODIUM 4-AMINO-5-HYDROXY-3,6-BIS((4-((2- (SULPHONATOOXY)ETHYL)SULPHONYL)PHENYL)AZO)NAPHTHALENE-2,7- DISULPHONATE|Tetrasodium 4-amino-5-hydroxy-3,6-bis({4-[2-(sulfonatooxy)ethanesulfonyl]phenyl}diazenyl)naphthalene-2,7-disulfonate|tetrasodium 4-amino-5-hydroxy-3,6-bis[(4-{[2-(sulfonatooxy)ethyl]sulfonyl}phenyl)diazenyl]naphthalene-2,7-disulfonate",C26H21N5Na4O19S6,"InChI=1S/C26H25N5O19S6.4Na/c27-23-22-15(13-20(53(37,38)39)24(23)30-28-16-1-5-18(6-2-16)51(33,34)11-9-49-55(43,44)45)14-21(54(40,41)42)25(26(22)32)31-29-17-3-7-19(8-4-17)52(35,36)12-10-50-56(46,47)48;;;;/h1-8,13-14,32H,9-12,27H2,(H,37,38,39)(H,40,41,42)(H,43,44,45)(H,46,47,48);;;;/q;4*+1/p-4",C1=CC(=CC=C1N=NC2=C(C3=C(C(=C(C=C3C=C2S(=O)(=O)[O-])S(=O)(=O)[O-])N=NC4=CC=C(C=C4)S(=O)(=O)CCOS(=O)(=O)[O-])N)O)S(=O)(=O)CCOS(=O)(=O)[O-].[Na+].[Na+].[Na+].[Na+],HFIYIRIMGZMCPC-UHFFFAOYSA-J,"tetrasodium;4-amino-5-hydroxy-3,6-bis[[4-(2-sulfonatooxyethylsulfonyl)phenyl]diazenyl]naphthalene-2,7-disulfonate",,Biological Test Results|Chemical and Physical Properties|Classification|Food Additives and Ingredients|Literature|Patents|Biological Test Results: Active,1469|1479|588513|588514|588515|588516|588526|588527|588532|588533|588534|588535|588536|588537|588541|588543|588544|588545|588546|588547|651741|651743|651749|651751|651777|651778|651838|720636|720653|720659|743288|743292|1259407,"10X CHEM|A2B Chem|AA BLOCKS|Aaron Chemicals LLC|abcr GmbH|ABI Chem|Accel Scientific|Achemtek|Aladdin Scientific|Ambinter|AN PharmaTech|Angene Chemical|AppChem|Aurora Fine Chemicals LLC|BenchChem|Biocore|Biosynth|BLD Pharm|CATO Research Chemicals Inc.|ChEBI|Chem-Space.com Database|Chembase.cn|ChEMBL|Chemical Carcinogenesis Research Information System (CCRIS)|ChemIDplus|ChemMol|ChemoSapiens|ChemSpider|ChemTik|Combi-Blocks|Cooke Chemical Co., Ltd|CymitQuimica|Egon Willighagen, Department of Bioinformatics - BiGCaT, Maastricht University|eMolecules|eNovation Chemicals|EPA DSSTox|EPA Substance Registry Services|FDA Global Substance Registration System (GSRS)|Google Patents|Hairui Chemical|Immune Epitope Database (IEDB)|Japan Chemical Substance Dictionary (Nikkaji)|KEGG|LeadScope|LGC Standards|Mcule|MolGenie|Molport|MP Biomedicals|National Center for Advancing Translational Sciences (NCATS)|NextBio|NORMAN Suspect List Exchange|NovoSeek|Oakwood Products|PATENTSCOPE (WIPO)|PubChem Reference Collection|Santa Cruz Biotechnology, Inc.|Sigma-Aldrich|Smolecule|Springer Nature|Starshine Chemical|SureChEMBL|THE BioTek|Thomson Pharma|ToxPlanet|Wikidata|Yuhao Chemical|ZeroPM - Zero Pollution of Persistent, Mobile Substances",Chemical Vendors|Curation Efforts|Governmental Organizations|Journal Publishers|Legacy Depositors|NIH Initiatives|Research and Development|Subscription Services,,991.8,462.0,2030,,60,2,24,12,990.874573,990.874573,0,5,0,0,0,0,0,0,0,692,5054,1825,7,20190115
17409,Reactive Blue 19,"Reactive Blue 19|2580-78-1|C.I. Reactive Blue 19|CCRIS 3736|HSDB 5534|UNII-L51IMM9UP9|EINECS 219-949-9|CI Reactive Blue 19, disodium salt|L51IMM9UP9|DTXSID5025992|APOLLOZOL BRILLIANT BLUE R|EC 219-949-9|2-Anthracenesulfonic acid, 1-amino-9,10-dihydro-9,10-dioxo-4-((3-((2-(sulfooxy)ethyl)sulfonyl)phenyl)amino)-, disodium salt|C.I. REACTIVE BLUE 19 [HSDB]|SUMIFIX BRILLIANT BLUE R SPECIAL LIQUID|1-AMINO-4-(3-(.BETA.-SULFATOETHYLSULFONYL)ANILINO)-2-ANTHRAQUINONESULFONIC ACID DISODIUM SALT|2-Anthracenesulfonic acid, 1-amino-9,10-dihydro-9,10-dioxo-4-((3-((2-(sulfooxy)ethyl)sulfonyl)phenyl)amino)-, sodium salt (1:2)|2-Anthracenesulfonic acid, 1-amino-9,10-dihydro-9,10-dioxo-4-[[3-[[2-(sulfooxy)ethyl]sulfonyl]phenyl]amino]-, disodium salt|1-AMINO-4-(3-(BETA-SULFATOETHYLSULFONYL)ANILINO)-2-ANTHRAQUINONESULFONIC ACID DISODIUM SALT|1-AMINO-4-[3-(BETA-SULFATOETHYLSULFONYL)ANILINO]-2-ANTHRAQUINONESULFONIC ACID DISODIUM SALT|2-ANTHRACENESULFONIC ACID, 1-AMINO-9,10-DIHYDRO-4-(M-((2-HYDROXYETHYL)SULFONYL)ANILINO)-9,10-DIOXO-, HYDROGEN SULFATE, DISODIUM SALT|2-ANTHRACENESULFONIC ACID, 1-AMINO-9,10-DIHYDRO-4-[M-[(2-HYDROXYETHYL)SULFONYL]ANILINO]-9,10-DIOXO-, HYDROGEN SULFATE, DISODIUM SALT|2-Anthracenesulfonic acid, 1-amino-9,10-dihydro-9,10-dioxo-4-[[3-[[2-(sulfooxy)ethyl]sulfonyl]phenyl]amino]-, sodium salt (1:2)|2-ANTHRAQUINONESULFONIC ACID, 1-AMINO-4-(M-(2-HYDROXYETHYLSULFONYL)ANILINO)-, HYDROGEN SULFATE DISODIUM SALT|2-ANTHRAQUINONESULFONIC ACID, 1-AMINO-4-[M-(2-HYDROXYETHYLSULFONYL)ANILINO]-, HYDROGEN SULFATE DISODIUM SALT|REMAZOL BLUE R|RefChem:178695|DTXCID805992|DIAMIRA BRILLIANT BLUE R|EVERFIX BRILLIANT BLUE R|SUMIFIX BRILLIANT BLUE R|CELMAZOL BRILLIANT BLUE R|OSTAZIN BRILLIANT BLUE UR|OSTAZIN BRILLIANT BLUE VR|REMAZOL BRILLIANT BLUE RN|PRIMAZIN BRILLIANT BLUE RL|DIAMIRA BRILLIANT BLUE R-KN|REMAZOL BRILLIANT BLUE R-KN|SUMIFIX BRILLIANT BLUE R(B)|INTRACRON BRILLIANT BLUE VS-R|REMAZOL BRILLIANT BLUE R SPEC|REMAZOL BRILLIANT BLUE R SPECIAL|SUMIFIX BRILLIANT BLUE R SPECIAL|REMAZOL BRILLIANT BLUE R-KN LIQ 40|SUMIFIX BRILLIANT BLUE R SPECIAL LIQIUD|1-AMINO-9,10-DIHYDRO-4-(M-((2-HYDROXYETHYL)SULFONYL)ANILINO)-9,10-DIOXO-2-ANTHRACENESULFONIC ACID, HYDROGEN SULFATE (ESTER), DISODIUM SALT|1-AMINO-9,10-DIHYDRO-9,10-DIOXO-4((3-((2-(SULFOOXY)ETHYL)SULFONYL)PHENYL)-AMINO)-2-ANTHRACENESULFONIC ACID, DISODIUM SALT|110540-35-7|2-ANTHRACENESULFONIC ACID, 1-AMINO-9,10-DIHYDRO-4-(M-((2-HYDROXYETHYL)-SULFONYL)ANILINO)-9,10-DIOXO-, HYDROGEN SULFATE (ESTER), DISODIUM SALT|219-949-9|2Anthracenesulfonic acid, 1amino9,10dihydro4(m((2hydroxyethyl)sulfonyl)anilino)9,10dioxo, hydrogen sulfate (ester), disodium salt|2Anthracenesulfonic acid, 1amino9,10dihydro9,10dioxo4((3((2(sulfooxy)ethyl)sulfonyl)phenyl)amino), disodium salt|814-789-1|Sodium 2-((3-((4-amino-9,10-dioxo-3-sulfonato-9,10-dihydroanthracen-1-yl)amino)phenyl)sulfonyl)ethyl sulfate|CI REACTIVE BLUE 19|C.I.Reactive Blue 19|C.I. Reactive Blue 19, disodium salt|CI 61200|C.I. 61200|disodium;1-amino-9,10-dioxo-4-[3-(2-sulfonatooxyethylsulfonyl)anilino]anthracene-2-sulfonate|MFCD00001215|Cavalite Brilliant Blue R|2-Anthracenesulfonic acid,1-amino-9,10-dihydro-9,10-dioxo-4-[[3-[[2-(sulfooxy)ethyl]sulfonyl]phenyl]amino]-, disodium salt|Remalan Brilliant Blue R|2-(3-(4-Amino-9,10-2H-3-sulpho-9,10-dioxoanthracen-4-yl)aminobenzenesulphonyl)vinyl) 2Na sulphate|C22H16N2Na2O11S3|Remazol Brilliant Blue|Remazole Brilliant Blue R|SCHEMBL29532|2-Anthracenesulfonic acid, 1-amino-9,10-dihydro-4-(m-((2-hydroxyethyl)sulfonyl)anilino)-9,10-dioxo-, hydrogen sulfate (ester), disodium salt|SCHEMBL29351453|MSK5870|KUIXZSYWBHSYCN-UHFFFAOYSA-L|Reactive Blue 19, Technical grade|AKOS017345135|FR41147|GS-6781|2-(3-((4-Amino-9,10-dihydro-3-sulpho-9,10-dioxoanthracen-4-yl)amino)benzenesulphonyl)vinyl disodium sulphate|2-(3-(4-amino-9,10-dihydro-3-sulpho-9,10-dioxoanthracen-4-yl)aminobenzenesulphonyl)vinyl) disodium sulphate|2-Anthracenesulfonic acid, 1-amino-9,10-dihydro-4-(m-((2-hydroxyethyl)sulfonyl)anilino-9,10-dioxo-, hydrogen sulfate (ester), disodium salt|DA-77371|Remazol Brilliant Blue R, anthraquinone dye|NS00078248|H10025|F556539|Q4060108|122392-55-6|2-(3-((4-AMINO-9,10-DIHYDRO-3-SULPHO-9,10-DIOXOANTHRACEN-4- YL)AMINO)BENZENESULPHONYL)VINYL DISODIUM SULPHATE|2-ANTHRACENESULFONIC ACID, 1-AMINO-9,10-DIHYDRO-4-(M-((2- HYDROXYETHYL)SULFONYL)ANILINO)-9,10-DIOXO-, HYDROGEN SULFATE (ESTER), DISODIUM SALT|2-ANTHRACENESULFONIC ACID, 1-AMINO-9,10-DIHYDRO-9,10-DIOXO- 4-((3-((2-(SULFOOXY)ETHYL)SULFONYL)PHENYL)AMINO)-, DISODIUM SALT|2-ANTHRACENESULFONIC ACID, 1-AMINO-9,10-DIHYDRO-9,10-DIOXO- 4-((3-((2-(SULFOOXY)ETHYL)SULFONYL)PHENYL)AMINO)-, SODIUM SALT (1:2)|disodium 1-amino-9,10-dioxo-4-({3-[2-(sulfooxy)ethanesulfonyl]phenyl}amino)-9,10-dihydroanthracene-2-sulfonate|Disodium 1-amino-9,10-dioxo-4-{3-[2-(sulfonatooxy)ethanesulfonyl]anilino}-9,10-dihydroanthracene-2-sulfonate|disodium,1-amino-9,10-dioxo-4-[3-(2-sulfonatooxyethylsulfonyl)anilino]anthracene-2-sulfonate|Sodium2-((3-((4-amino-9,10-dioxo-3-sulfonato-9,10-dihydroanthracen-1-yl)amino)phenyl)sulfonyl)ethylsulfate",C22H16N2Na2O11S3,"InChI=1S/C22H18N2O11S3.2Na/c23-20-17(37(29,30)31)11-16(18-19(20)22(26)15-7-2-1-6-14(15)21(18)25)24-12-4-3-5-13(10-12)36(27,28)9-8-35-38(32,33)34;;/h1-7,10-11,24H,8-9,23H2,(H,29,30,31)(H,32,33,34);;/q;2*+1/p-2",C1=CC=C2C(=C1)C(=O)C3=C(C2=O)C(=C(C=C3NC4=CC(=CC=C4)S(=O)(=O)CCOS(=O)(=O)[O-])S(=O)(=O)[O-])N.[Na+].[Na+],KUIXZSYWBHSYCN-UHFFFAOYSA-L,"disodium;1-amino-9,10-dioxo-4-[3-(2-sulfonatooxyethylsulfonyl)anilino]anthracene-2-sulfonate",,Biological Test Results|Chemical and Physical Properties|Classification|Food Additives and Ingredients|Identification|Literature|Patents|Safety and Hazards|Toxicity|Use and Manufacturing|Spectral Information|Biological Test Results: Active,1259407|2202554,"001Chemical|10X CHEM|3WAY PHARM INC|A2B Chem|AA BLOCKS|abcr GmbH|ABI Chem|Accel Scientific|Achemtek|AEchem Scientific Corp., USA|AiFChem, an XtalPi Company|AK Scientific, Inc. (AKSCI)|AKos Consulting & Solutions|Aladdin Scientific|Alfa Chemistry|Alichem|Amadis Chemical|Ambeed|AN PharmaTech|Angel Pharmatech Ltd.|Angene Chemical|AppChem|AstaTech, Inc.|Aurora Fine Chemicals LLC|BenchChem|BePharm Ltd.|Biosynth|BLD Pharm|BOC Sciences|CATO Research Chemicals Inc.|Chem-Impex|Chem-Space.com Database|Chembase.cn|Chemical Carcinogenesis Research Information System (CCRIS)|ChemIDplus|ChemMol|ChemoSapiens|ChemSpider|ChemTik|Cooke Chemical Co., Ltd|CymitQuimica|Debye Scientific Co., Ltd|DiscoveryGate|Egon Willighagen, Department of Bioinformatics - BiGCaT, Maastricht University|eMolecules|eNovation Chemicals|EPA DSSTox|EPA Substance Registry Services|EvitaChem|FDA Global Substance Registration System (GSRS)|Fluorochem|Founder Pharma|Google Patents|Hairui Chemical|iChemical Technology USA Inc|Japan Chemical Substance Dictionary (Nikkaji)|Key Organics/BIONET|King Scientific|LeadScope|LGC Standards|Matrix Scientific|Mcule|MolCore|Molecule Market|Molepedia|MolGenie|Molport|MP Biomedicals|NextBio|NORMAN Suspect List Exchange|OXCHEM CORPORATION|PATENTSCOPE (WIPO)|PubChem Reference Collection|RR Scientific|Santa Cruz Biotechnology, Inc.|Shanghai Titan Scientific|Sigma-Aldrich|Smolecule|Springer Nature|Starshine Chemical|SureChEMBL|Syntree|THE BioTek|Thermo Fisher Scientific|Thomson Pharma|ToxPlanet|Wikidata|Yick-Vic Chemicals & Pharmaceuticals (HK) Ltd.|Yuhao Chemical|ZeroPM - Zero Pollution of Persistent, Mobile Substances",Chemical Vendors|Curation Efforts|Governmental Organizations|Journal Publishers|Legacy Depositors|Research and Development|Subscription Services,D004396 - Coloring Agents,626.5,255.0,1210,,40,2,13,6,625.971191,625.971191,0,3,0,0,0,0,0,0,0,524,7363,2073,12,20050808
3342296,Reactive Red 6 hapten,"Reactive Red 6 hapten|Azo-Dye Hapten|RR6 azo-dye hapten|3-HYDROXY-7-(4-{1-[2-HYDROXY-3-(2-HYDROXY-5-SULFO-PHENYLAZO)-BENZYL]-2-SULFO-ETHYLAMINO}-[1,2,5]TRIAZIN-2-YLAMINO)-2-(2-HYDROXY-5-SULFO-PHENYLAZO)-NAPTHALENE-1,8-DISULFONIC ACID|5-hydroxy-2-[[4-[[5-hydroxy-6-[(2-hydroxy-5-sulfophenyl)diazenyl]-1,7-disulfonaphthalen-2-yl]amino]-1,3,5-triazin-2-yl]amino]-6-[(2-hydroxy-5-sulfophenyl)diazenyl]naphthalene-1,7-disulfonic acid|AZO-DYE RR6 HAPTEN|SCHEMBL30249729|CHEBI:45558|DB03853|2,2'-(1,3,5-triazine-2,4-diyldiimino)bis{5-hydroxy-6-[(E)-(2-hydroxy-5-sulfophenyl)diazenyl]naphthalene-1,7-disulfonic acid}|5-hydroxy-2-[[4-[[5-hydroxy-6-(2-hydroxy-5-sulfo-phenyl)diazenyl-1,7-disulfo-naphthalen-2-yl]amino]-1,3,5-triazin-2-yl]amino]-6-(2-hydroxy-5-sulfo-phenyl)diazenyl-naphthalene-1,7-disulfonic acid",C35H25N9O22S6,"InChI=1S/C35H25N9O22S6/c45-24-7-1-14(67(49,50)51)9-22(24)41-43-28-26(69(55,56)57)11-18-16(30(28)47)3-5-20(32(18)71(61,62)63)38-34-36-13-37-35(40-34)39-21-6-4-17-19(33(21)72(64,65)66)12-27(70(58,59)60)29(31(17)48)44-42-23-10-15(68(52,53)54)2-8-25(23)46/h1-13,45-48H,(H,49,50,51)(H,52,53,54)(H,55,56,57)(H,58,59,60)(H,61,62,63)(H,64,65,66)(H2,36,37,38,39,40)",C1=CC(=C(C=C1S(=O)(=O)O)N=NC2=C(C=C3C(=C2O)C=CC(=C3S(=O)(=O)O)NC4=NC(=NC=N4)NC5=C(C6=CC(=C(C(=C6C=C5)O)N=NC7=C(C=CC(=C7)S(=O)(=O)O)O)S(=O)(=O)O)S(=O)(=O)O)S(=O)(=O)O)O,PJONDRDKCIFXDA-UHFFFAOYSA-N,"5-hydroxy-2-[[4-[[5-hydroxy-6-[(2-hydroxy-5-sulfophenyl)diazenyl]-1,7-disulfonaphthalen-2-yl]amino]-1,3,5-triazin-2-yl]amino]-6-[(2-hydroxy-5-sulfophenyl)diazenyl]naphthalene-1,7-disulfonic acid",,Interactions and Pathways|Classification|Literature|Patents,,BenchChem|ChEBI|Chembase.cn|DrugBank|EvitaChem|Google Patents|Immune Epitope Database (IEDB)|Metabolomics Workbench|MolGenie|NCBI Structure|Probes & Drugs portal|Protein Data Bank in Europe (PDBe)|SureChEMBL,Chemical Vendors|Curation Efforts|Governmental Organizations|Legacy Depositors|NIH Initiatives|Research and Development,,1116.0,570.0,2510,1.9,72,12,31,14,1114.943848,1114.943848,0,1,0,0,0,0,0,0,0,1,14,3,4,20050907
131953011,"Cy5 maleimide, fluorescent dye, thiol reactive","Cy5 maleimide, fluorescent dye, thiol reactive",C40H48N4O6S,"InChI=1S/C40H48N4O6S/c1-39(2)30-16-10-12-18-32(30)42(26-14-6-9-22-36(45)41-25-28-44-37(46)23-24-38(44)47)34(39)20-7-5-8-21-35-40(3,4)31-17-11-13-19-33(31)43(35)27-15-29-51(48,49)50/h5,7-8,10-13,16-21,23-24H,6,9,14-15,22,25-29H2,1-4H3,(H-,41,45,48,49,50)",CC1(C2=CC=CC=C2[N+](=C1/C=C/C=C/C=C/3\C(C4=CC=CC=C4N3CCCCCC(=O)NCCN5C(=O)C=CC5=O)(C)C)CCCS(=O)(=O)[O-])C,WDYRVKFGIWCNQO-UHFFFAOYSA-N,"3-[2-[(1E,3E,5E)-5-[1-[6-[2-(2,5-dioxopyrrol-1-yl)ethylamino]-6-oxohexyl]-3,3-dimethylindol-2-ylidene]penta-1,3-dienyl]-3,3-dimethylindol-1-ium-1-yl]propane-1-sulfonate",,,,Tenova Pharmaceuticals Inc,Chemical Vendors,,712.9,138.0,1540,5.0,51,1,7,15,712.329468,712.329468,0,1,0,0,0,0,3,3,0,0,0,0,0,20171227
28781,C.I. Reactive Red 2,"17804-49-8|C.I. REACTIVE RED 2|Procion Brilliant Red 5BS|Chemictive Brilliant Red 5B|Procion Brilliant Red M 5B|Reactive Brilliant Red 5SKH|Procion Brilliant Red MX 5B|DTXSID10889666|RefChem:1080571|DTXCID601028918|241-776-2|Reactive red 2|Procion Red MX-5B|Brilliant Red 5SKH|Procion Red MX 5B|12226-03-8|CHEBI:53726|2,7-Naphthalenedisulfonic acid,5-[(4,6-dichloro-1,3,5-triazin-2-yl)amino]-4-hydroxy-3-(phenylazo)-,disodium salt|106740-69-6|2,7-Naphthalenedisulfonic acid, 5-[(4,6-dichloro-1,3,5-triazin-2-yl)amino]-4-hydroxy-3-(2-phenyldiazenyl)-, sodium salt (1:2)|disodium;5-[(4,6-dichloro-1,3,5-triazin-2-yl)amino]-4-hydroxy-3-phenyldiazenylnaphthalene-2,7-disulfonate|Mikacion Brilliant Red 5BS|Cerven reaktivni 2 [Czech]|Ostazin Brilliant Red S 5B|2,7-Naphthalenedisulfonic acid, 5-((4,6-dichloro-1,3,5-triazin-2-yl)amino)-4-hydroxy-3-(phenylazo)-, sodium salt|2,7-Naphthalenedisulfonic acid, 5-[(4,6-dichloro-1,3,5-triazin-2-yl)amino]-4-hydroxy-3-(phenylazo)-, sodium salt|Cerven reaktivni 2|Disodium 5-((4,6-dichloro-1,3,5-triazin-2-yl)amino)-4-hydroxy-3-(phenylazo)naphthalene-2,7-disulphonate|Disodium 5-[(4,6-dichloro-1,3,5-triazin-2-yl)amino]-4-hydroxy-3-(phenylazo)naphthalene-2,7-disulphonate|EINECS 241-776-2|GLNYHOSOIRWXSB-DLYXPJDHSA-L|2,7-Naphthalenedisulfonic acid, 5-((4,6-dichloro-1,3,5-triazin-2-yl)amino)-4-hydroxy-3-(2-phenyldiazenyl)-, sodium salt (1:2)|REACTIVERED2|Epitope ID:116222|2,7-Naphthalenedisulfonic acid, 4-((4,6-dichloro-1,3,5-triazin-2-yl)amino)-5-hydroxy-6-(phenylazo)-, disodium salt|2,7-Naphthalenedisulfonic acid, 5-((4,6-dichloro-1,3,5-triazin-2-yl)amino)-4-hydroxy-3-(phenylazo)-, disodium salt|5-((4,6-Dichloro-1,3,5-triazin-2-yl)amino)-4-hydroxy-3-(phenylazo)-2,7-naphthalenedisulfonic acid, disodium salt|SCHEMBL3654363|SCHEMBL6808069|C19H10Cl2N6Na2O7S2|SCHEMBL29385758|DTXSID70924123|MFCD00067094|AKOS024319587|2,7-Naphthalenedisulfonic acid, 5-((4,6-dichloro-1,3,5-triazin-2-yl)amino)-4-hydroxy-3-(2-phenyldiazenyl)-, sodium salt (1:?)|2,7-Naphthalenedisulfonic acid, 5-((4,6-dichloro-s-triazin-2-yl)amino)-4-hydroxy-3-(phenylazo)-, disodium salt|5-((4,6-Dichloro-1,3,5-triazin-2-yl)amino)-4-hydroxy-3-(phenylazo)-2,7-naphthalenedisulfonic acid, sodium salt|NS00085759|Procion(R) Red MX-5B, Dye content 40 %|5-(4,6-dichloro-s-triazinyl-2-amino)-4-hydroxy-3-(phenylazo)-2,7-naphthalenedisulfonic acid disodium salt|Disodium 5-[(4,6-dichloro-1,3,5-triazin-2(1H)-ylidene)amino]-4-oxo-3-(2-phenylhydrazinylidene)-3,4-dihydronaphthalene-2,7-disulfonate|Disodium 5-[(4,6-dichloro-1,3,5-triazin-2-yl)amino]-4-hydroxy-3-(phenyldiazenyl)naphthalene-2,7-disulfonate|disodium 5-[(4,6-dichloro-1,3,5-triazin-2-yl)amino]-4-hydroxy-3-[(E)-phenyldiazenyl]naphthalene-2,7-disulfonate|disodium;(3E)-5-[(4,6-dichloro-1,3,5-triazin-2-yl)amino]-4-oxo-3-(phenylhydrazono)naphthalene-2,7-disulfonate",C19H10Cl2N6Na2O7S2,"InChI=1S/C19H12Cl2N6O7S2.2Na/c20-17-23-18(21)25-19(24-17)22-12-8-11(35(29,30)31)6-9-7-13(36(32,33)34)15(16(28)14(9)12)27-26-10-4-2-1-3-5-10;;/h1-8,28H,(H,29,30,31)(H,32,33,34)(H,22,23,24,25);;/q;2*+1/p-2",C1=CC=C(C=C1)N=NC2=C(C3=C(C=C(C=C3C=C2S(=O)(=O)[O-])S(=O)(=O)[O-])NC4=NC(=NC(=N4)Cl)Cl)O.[Na+].[Na+],XWZDJOJCYUSIEY-UHFFFAOYSA-L,"disodium;5-[(4,6-dichloro-1,3,5-triazin-2-yl)amino]-4-hydroxy-3-phenyldiazenylnaphthalene-2,7-disulfonate",,Classification|Literature|Patents|Safety and Hazards|Toxicity|Use and Manufacturing,,"10X CHEM|A2B Chem|AA BLOCKS|Aaron Chemicals LLC|ABI Chem|Accel Scientific|AKos Consulting & Solutions|Aladdin Scientific|Alfa Chemistry|Ambinter|AN PharmaTech|Angene Chemical|AppChem|Aurora Fine Chemicals LLC|BenchChem|BOC Sciences|ChEBI|Chembase.cn|ChemIDplus|ChemMol|ChemoSapiens|ChemSpider|ChemTik|Cooke Chemical Co., Ltd|CymitQuimica|eNovation Chemicals|EPA DSSTox|EPA Substance Registry Services|Google Patents|Hairui Chemical|Immune Epitope Database (IEDB)|J&H Chemical Co.,ltd|Japan Chemical Substance Dictionary (Nikkaji)|LeadScope|Mcule|MolGenie|Molport|MuseChem|NextBio|NORMAN Suspect List Exchange|PATENTSCOPE (WIPO)|PubChem Reference Collection|RR Scientific|Santa Cruz Biotechnology, Inc.|Sigma-Aldrich|Smolecule|Springer Nature|SureChEMBL|THE BioTek|Thomson Pharma|ToxPlanet|Yick-Vic Chemicals & Pharmaceuticals (HK) Ltd.|Yuhao Chemical|ZeroPM - Zero Pollution of Persistent, Mobile Substances",Chemical Vendors|Curation Efforts|Governmental Organizations|Journal Publishers|Legacy Depositors|NIH Initiatives|Research and Development|Subscription Services,,615.3,227.0,968,,38,2,13,4,613.922485,613.922485,0,3,0,0,0,0,0,0,0,107,1625,798,6,20050808
117059688,"Reactive Blue 15, Dye content 35 %","Reactive Blue 15, Dye content 35 %",C41H19ClCuN14Na4O14S5,"InChI=1S/C41H23ClN14O14S5.Cu.4Na/c42-39-53-40(43)55-41(54-39)44-16-1-10-30(75(68,69)70)29(11-16)56-71(57,58)17-2-6-21-25(12-17)35-47-31(21)45-32-23-8-4-19(73(62,63)64)14-27(23)37(49-32)52-38-28-15-20(74(65,66)67)5-9-24(28)34(50-38)46-33-22-7-3-18(72(59,60)61)13-26(22)36(48-33)51-35;;;;;/h1-15,56H,(H7-2,43,44,45,46,47,48,49,50,51,52,53,54,55,59,60,61,62,63,64,65,66,67,68,69,70);;;;;/q-2;+2;4*+1/p-4",C1=CC(=C(C=C1NC2=NC(=NC(=N2)N)Cl)NS(=O)(=O)C3=CC4=C(C=C3)C5=NC4=NC6=C7C=C(C=CC7=C([N-]6)N=C8C9=C(C=C(C=C9)S(=O)(=O)[O-])C(=N8)N=C1C2=C(C=CC(=C2)S(=O)(=O)[O-])C(=N5)[N-]1)S(=O)(=O)[O-])S(=O)(=O)[O-].[Na+].[Na+].[Na+].[Na+].[Cu+2],ABTLHECNHUUEAU-UHFFFAOYSA-J,"copper;tetrasodium;34-[[5-[(4-amino-6-chloro-1,3,5-triazin-2-yl)amino]-2-sulfonatophenyl]sulfamoyl]-2,11,20,29,37,39-hexaza-38,40-diazanidanonacyclo[28.6.1.13,10.112,19.121,28.04,9.013,18.022,27.031,36]tetraconta-1,3,5,7,9,11,13(18),14,16,19(39),20,22(27),23,25,28,30(37),31(36),32,34-nonadecaene-6,16,24-trisulfonate",,Spectral Information,,Aurora Fine Chemicals LLC|Sigma-Aldrich,Chemical Vendors|Legacy Depositors,,1283.0,470.0,3110,,80,3,24,9,1280.838379,1280.838379,0,6,0,0,0,0,0,0,0,0,0,0,1,20160130
30082,Brilliant orange 3R,"20262-58-2|Brilliant orange 3R|remazole orange-3R|12225-88-6|CHEBI:53730|disodium;6-acetamido-4-hydroxy-3-[[4-(2-sulfonatooxyethylsulfonyl)phenyl]diazenyl]naphthalene-2-sulfonate|2-Naphthalenesulfonic acid, 6-(acetylamino)-4-hydroxy-3-((4-((2-(sulfooxy)ethyl)sulfonyl)phenyl)azo)-, disodium salt|2-Naphthalenesulfonic acid, 6-(acetylamino)-4-hydroxy-3-[[4-[[2-(sulfooxy)ethyl]sulfonyl]phenyl]azo]-, disodium salt|6-acetamido-4-hydroxy-3-4-2-(sulphonatooxy)ethylsulphonylphenylazonaphthalene-2-sulphonate (sodium salt)|MFCD00013281|Remazol Brilliant Orange 3R|Remazol Orange G|C.I. REACTIVE ORANGE 16|Reactive Orange 7|EINECS 243-653-9|C.I.Reactive Orange 7|Disodium 6-acetamido-4-hydroxy-3-((4-((2-(sulphonatooxy)ethyl)sulphonyl)phenyl)azo)naphthalene-2-sulphonate|C.I.Reactive Orange 16|Epitope ID:116217|EC 243-653-9|SCHEMBL523942|SCHEMBL524600|orb2565381|DTXSID5066586|SCHEMBL20483012|SCHEMBL29378688|AKOS037643596|FC34016|FR41439|AS-17191|BP-20531|Reactive Orange 16, Dye content >=70 %|NS00052043|H58079|T87303|2-Naphthalenesulfonic acid, 6-(acetylamino)-4-hydroxy-3-(2-(4-((2-(sulfooxy)ethyl)sulfonyl)phenyl)diazenyl)-, sodium salt (1:2)|2-Naphthalenesulfonic acid, 6-(acetylamino)-4-hydroxy-3-[2-[4-[[2-(sulfooxy)ethyl]sulfonyl]phenyl]diazenyl]-, sodium salt|Disodium 6-acetamido-4-hydroxy-3-({4-[2-(sulfonatooxy)ethanesulfonyl]phenyl}diazenyl)naphthalene-2-sulfonate|disodium 6-acetamido-4-hydroxy-3-[(4-{[2-(sulfonatooxy)ethyl]sulfonyl}phenyl)diazenyl]naphthalene-2-sulfonate",C20H17N3Na2O11S3,"InChI=1S/C20H19N3O11S3.2Na/c1-12(24)21-15-3-2-13-10-18(36(28,29)30)19(20(25)17(13)11-15)23-22-14-4-6-16(7-5-14)35(26,27)9-8-34-37(31,32)33;;/h2-7,10-11,25H,8-9H2,1H3,(H,21,24)(H,28,29,30)(H,31,32,33);;/q;2*+1/p-2",CC(=O)NC1=CC2=C(C(=C(C=C2C=C1)S(=O)(=O)[O-])N=NC3=CC=C(C=C3)S(=O)(=O)CCOS(=O)(=O)[O-])O.[Na+].[Na+],DHHGSXPASZBLGC-UHFFFAOYSA-L,disodium;6-acetamido-4-hydroxy-3-[[4-(2-sulfonatooxyethylsulfonyl)phenyl]diazenyl]naphthalene-2-sulfonate,,Classification|Patents,,"001Chemical|A2B Chem|AA BLOCKS|abcr GmbH|ABI Chem|AK Scientific, Inc. (AKSCI)|AKos Consulting & Solutions|Alfa Chemistry|Ambinter|AstaTech, Inc.|Aurora Fine Chemicals LLC|BenchChem|Biocore|Biorbyt|Biosynth|BLD Pharm|BroadPharm|CATO Research Chemicals Inc.|ChEBI|Chem-Space.com Database|Chembase.cn|ChemIDplus|ChemMol|ChemSpider|Combi-Blocks|Cooke Chemical Co., Ltd|CymitQuimica|eMolecules|EPA DSSTox|EPA Substance Registry Services|Google Patents|iChemical Technology USA Inc|Immune Epitope Database (IEDB)|Key Organics/BIONET|Mcule|MolCore|MolGenie|Molport|MuseChem|NextBio|NORMAN Suspect List Exchange|PATENTSCOPE (WIPO)|Sigma-Aldrich|Smolecule|SureChEMBL|TargetMol|THE BioTek|Thomson Pharma|ToxPlanet|Yuhao Chemical",Chemical Vendors|Curation Efforts|Governmental Organizations|Journal Publishers|Legacy Depositors|NIH Initiatives|Research and Development|Subscription Services,,617.5,257.0,1120,,39,2,13,7,616.982056,616.982056,0,3,0,0,0,0,0,0,0,0,1695,607,2,20050808
72235,"2,7-naphthalenedisulfonic acid, 5-(benzoylamino)-3-((5-((4-chloro-6-((4-sulfophenyl)amino)-1,3,5-triazin-2-yl)amino)-2-sulfophenyl)azo)-4-hydroxy-, tetrasodium salt","2,7-Naphthalenedisulfonic acid, 5-(benzoylamino)-3-((5-((4-chloro-6-((4-sulfophenyl)amino)-1,3,5-triazin-2-yl)amino)-2-sulfophenyl)azo)-4-hydroxy-, tetrasodium salt|2,7-Naphthalenedisulfonic acid, 5-(benzoylamino)-3-[[5-[[4-chloro-6-[(4-sulfophenyl)amino]-1,3,5-triazin-2-yl]amino]-2-sulfophenyl]azo]-4-hydroxy-, tetrasodium salt|RefChem:446382|Cibacron Brilliant Red 3B-A|17681-50-4|Procion Red H7B|Reactive Red 4|tetrasodium;5-benzamido-3-[[5-[[4-chloro-6-(4-sulfonatoanilino)-1,3,5-triazin-2-yl]amino]-2-sulfonatophenyl]diazenyl]-4-hydroxynaphthalene-2,7-disulfonate|C.I. Reactive Red 4|cibacron brilliant red K-7B|SCHEMBL37767|SCHEMBL30080398|DTXSID40889391|EINECS 241-663-8|NS00053487|H55050|Cibacron Brilliant Red 3B-A, Dye content 50 %|Tetrasodium 5-(benzoylamino)-3-((5-((4-chloro-6-((4-sulphonatophenyl)amino)-1,3,5-triazin-2-yl)amino)-2-sulphonatophenyl)azo)-4-hydroxynaphthalene-2,7-disulphonate|Tetrasodium 5-benzamido-3-[(E)-(5-{[4-chloro-6-(4-sulfonatoanilino)-1,3,5-triazin-2-yl]amino}-2-sulfonatophenyl)diazenyl]-4-hydroxynaphthalene-2,7-disulfonate",C32H19ClN8Na4O14S4,"InChI=1S/C32H23ClN8O14S4.4Na/c33-30-37-31(34-18-6-9-20(10-7-18)56(44,45)46)39-32(38-30)35-19-8-11-24(58(50,51)52)22(14-19)40-41-27-25(59(53,54)55)13-17-12-21(57(47,48)49)15-23(26(17)28(27)42)36-29(43)16-4-2-1-3-5-16;;;;/h1-15,42H,(H,36,43)(H,44,45,46)(H,47,48,49)(H,50,51,52)(H,53,54,55)(H2,34,35,37,38,39);;;;/q;4*+1/p-4",C1=CC=C(C=C1)C(=O)NC2=C3C(=CC(=C2)S(=O)(=O)[O-])C=C(C(=C3O)N=NC4=C(C=CC(=C4)NC5=NC(=NC(=N5)NC6=CC=C(C=C6)S(=O)(=O)[O-])Cl)S(=O)(=O)[O-])S(=O)(=O)[O-].[Na+].[Na+].[Na+].[Na+],NUZJNUDPZLPKAR-UHFFFAOYSA-J,"tetrasodium;5-benzamido-3-[[5-[[4-chloro-6-(4-sulfonatoanilino)-1,3,5-triazin-2-yl]amino]-2-sulfonatophenyl]diazenyl]-4-hydroxynaphthalene-2,7-disulfonate",,Classification|Patents|Safety and Hazards|Use and Manufacturing,,"Acmec Biochemical|Aladdin Scientific|Alfa Chemistry|Ambinter|AstaTech, Inc.|Aurora Fine Chemicals LLC|BenchChem|BOC Sciences|Chembase.cn|ChemExper Chemical Directory|ChemIDplus|ChemSpider|EPA DSSTox|EPA Substance Registry Services|Mcule|MP Biomedicals|NORMAN Suspect List Exchange|PubChem Reference Collection|RR Scientific|Sigma-Aldrich|Smolecule|SureChEMBL|THE BioTek|Thomson Pharma",Chemical Vendors|Curation Efforts|Governmental Organizations|Journal Publishers|Legacy Depositors|Research and Development|Subscription Services,,995.2,399.0,1900,,63,4,21,8,993.918274,993.918274,0,5,0,0,0,0,0,0,0,0,4790,1443,4,20050719
446193,"5-(4,6-Diamino-[1,3,5]triazin-2-ylamino)-4-hydroxy-3-(2-sulfo-phenylazo)-naphthalene-2,7-disulfonic acid","REACTIVE RED 1 DYE|5-(4,6-DIAMINO-[1,3,5]TRIAZIN-2-YLAMINO)-4-HYDROXY-3-(2-SULFO-PHENYLAZO)-NAPHTHALENE-2,7-DISULFONIC ACID|5-[(4,6-diamino-1,3,5-triazin-2-yl)amino]-4-hydroxy-3-[(2-sulfophenyl)diazenyl]naphthalene-2,7-disulfonic acid|CHEBI:45457|5-[(4,6-diamino-1,3,5-triazin-2-yl)amino]-4-hydroxy-3-[(E)-(2-sulfophenyl)diazenyl]naphthalene-2,7-disulfonic acid|RR1|Epitope ID:161739|DB03474|NS00071107|Q27094406",C19H16N8O10S3,"InChI=1S/C19H16N8O10S3/c20-17-23-18(21)25-19(24-17)22-11-7-9(38(29,30)31)5-8-6-13(40(35,36)37)15(16(28)14(8)11)27-26-10-3-1-2-4-12(10)39(32,33)34/h1-7,28H,(H,29,30,31)(H,32,33,34)(H,35,36,37)(H5,20,21,22,23,24,25)",C1=CC=C(C(=C1)N=NC2=C(C3=C(C=C(C=C3C=C2S(=O)(=O)O)S(=O)(=O)O)NC4=NC(=NC(=N4)N)N)O)S(=O)(=O)O,LOCFSBZWHQIILX-UHFFFAOYSA-N,"5-[(4,6-diamino-1,3,5-triazin-2-yl)amino]-4-hydroxy-3-[(2-sulfophenyl)diazenyl]naphthalene-2,7-disulfonic acid",,Interactions and Pathways|Chemical and Physical Properties|Classification|Literature,,"ABI Chem|BenchChem|ChEBI|Chembase.cn|ChemSpider|DrugBank|Egon Willighagen, Department of Bioinformatics - BiGCaT, Maastricht University|EvitaChem|Immune Epitope Database (IEDB)|Japan Chemical Substance Dictionary (Nikkaji)|Metabolomics Workbench|MolGenie|NCBI Structure|NextBio|NORMAN Suspect List Exchange|Probes & Drugs portal|Protein Data Bank in Europe (PDBe)|SMID|Wikidata",Chemical Vendors|Curation Efforts|Governmental Organizations|Legacy Depositors|NIH Initiatives|Research and Development|Subscription Services,,612.6,336.0,1240,0.6,40,7,18,7,612.015137,612.015137,0,1,0,0,0,0,0,0,0,1,0,0,4,20050624
2735520,"N,N'-Bis[2-(iodoacetamido)ethyl]-N,N'-dimethylrhodamine","N,N'-Bis[2-(iodoacetamido)ethyl]-N,N'-dimethylrhodamine|N,N'-Bis[2-(iodoacetamido)ethyl]-N,N'-dimethylrhodamine dihydroiodide|N,N'-Bis[2-(iodoacetamido)ethyl]-N,N'-dimethylrhodamine dihydroiodide is known as a thiol-reactive rhodamine dye.",C30H30I2N4O5,"InChI=1S/C30H30I2N4O5/c1-35(13-11-33-27(37)17-31)19-7-9-23-25(15-19)41-26-16-20(36(2)14-12-34-28(38)18-32)8-10-24(26)29(23)21-5-3-4-6-22(21)30(39)40/h3-10,15-16H,11-14,17-18H2,1-2H3,(H2-,33,34,37,38,39,40)",CN(CCNC(=O)CI)C1=CC2=C(C=C1)C(=C3C=CC(=[N+](C)CCNC(=O)CI)C=C3O2)C4=CC=CC=C4C(=O)[O-],NJVSCJBMGCELCG-UHFFFAOYSA-N,2-[3-[2-[(2-iodoacetyl)amino]ethyl-methylamino]-6-[2-[(2-iodoacetyl)amino]ethyl-methylazaniumylidene]xanthen-9-yl]benzoate,,Literature,,"ABI Chem|Chembase.cn|ChemExper Chemical Directory|ChemSpider|DiscoveryGate|Japan Chemical Substance Dictionary (Nikkaji)|NextBio|Santa Cruz Biotechnology, Inc.|Springer Nature|Thomson Pharma",Chemical Vendors|Governmental Organizations|Journal Publishers|Legacy Depositors|Research and Development|Subscription Services,,780.4,114.0,1060,3.6,41,2,6,10,780.030579,780.030579,0,1,0,0,0,0,0,0,0,1,0,0,1,20050719
